{"manufacturer": {"I_nom": 4.3, "P_mec_nom": 1470.998, "P_s_nom": 1644.4783187381947, "rend": 0.8945073846450552, "pf": 0.96, "U_nom": 230.0, "R_s": 3.31, "L_d": 30300.0, "L_q": 109000.0}}