{"p": 3, "stator": {"lamination": {"Rint": 0.06224999999999999, "Rext": 0.0875, "L1": 0.11, "Nrvd": 0, "Kf1": 0.95, "is_internal": false, "is_stator": true}, "slot": {"type": "SlotW11", "Zs": 36, "H0": 0.00038360739489869784, "H1": 0.00015344295795947913, "H2": 0.007672147897973956, "W0": 0.0024596160107455134, "W1": 0.005465813357212252, "W2": 0.006135334564810289, "R1": 0.0015338336412025722}, "winding": {"qs": 3, "p": 3, "Nlayer": 1, "coil_pitch": 0, "Lewout": 0.127910525684894, "Ntcoil": 20.0, "Npcp": 1, "Nslot_shift_wind": 0, "is_reverse_wind": false}, "conductor": {"type": "CondType12", "Wwire": 0.001106307616535102, "Wins_wire": 1e-06}}, "rotor": {"lamination": {"Rint": 0.0, "Rext": 0.055749999999999994, "is_internal": true, "is_stator": false, "L1": 0.11}, "slot": {"type": "SlotM14", "H0": 0.0001, "Hmag": 0.0055, "Rtopm": 0.06124999999999999, "W0": 1.0471975511965976, "Wmag": 0.9948376736367678, "Zs": 6}, "magnet": {"mur_lin": 1.0, "Brm20": 1.16}}, "results": {"L_q": 0.003978837245309041, "R_s": 0.9979125718045556, "B_g_avg": 0.90326164874552, "B_g_1": 1.209109625451011, "lambda_m": 0.6292327401809604, "T_e": 54.29288859139348, "K_s": 1.533729494301812, "k_j_computed": 9099.999999999998, "I_density": 12186421.112608785}, "I": 19.174282555884187}