{"p": 3, "stator": {"lamination": {"Rint": 0.05712865785220398, "Rext": 0.0875, "L1": 0.11, "Nrvd": 0, "Kf1": 0.95, "is_internal": false, "is_stator": true}, "slot": {"type": "SlotW11", "Zs": 36, "H0": 0.0010120484171200778, "H1": 0.0004048193668480311, "H2": 0.020240968342401557, "W0": 0.0017869274459183773, "W1": 0.0050737337691730685, "W2": 0.006840091476007299, "R1": 0.0022336593073979715}, "winding": {"qs": 3, "p": 3, "Nlayer": 1, "coil_pitch": 0, "Lewout": 0.1692235827165048, "Ntcoil": 20.0, "Npcp": 1, "Nslot_shift_wind": 0, "is_reverse_wind": false}, "conductor": {"type": "CondType12", "Wwire": 0.001820992648895414, "Wins_wire": 1e-06}}, "rotor": {"lamination": {"Rint": 0.0, "Rext": 0.0514118872255183, "is_internal": true, "is_stator": false, "L1": 0.11}, "slot": {"type": "SlotM14", "H0": 0.0001, "Hmag": 0.004716770626685679, "Rtopm": 0.03450001729002388, "W0": 1.0471975511965976, "Wmag": 0.8784823901704791, "Zs": 6}, "magnet": {"mur_lin": 1.0, "Brm20": 1.16}}, "results": {"L_q": 0.005898458696549562, "R_s": 0.4322812036719237, "B_g_avg": 0.5644878016176872, "B_g_1": 0.9103740435943873, "lambda_m": 0.4347906190437006, "T_e": 57.000002261499624, "K_s": 5.645274529805446, "k_j_computed": 9100.000000000002, "I_density": 6833995.2393245995}, "I": 29.13279775235679}